1,1_10_phon,https://neu.co1.qualtrics.com/ControlPanel/File.php?F=F_aacaVSQHul1uWMR
2,2_10_phon,https://neu.co1.qualtrics.com/ControlPanel/File.php?F=F_0jXrg8LmYHfcy1u
3,3_10_phon,https://neu.co1.qualtrics.com/ControlPanel/File.php?F=F_KqUommcPqkl3ykU
4,4_10_phon,https://neu.co1.qualtrics.com/ControlPanel/File.php?F=F_0wyp95XtsWLRXe9
5,6_10_phon,https://neu.co1.qualtrics.com/ControlPanel/File.php?F=F_4lkb2agBUkG7BAR
6,8_10_phon,https://neu.co1.qualtrics.com/ControlPanel/File.php?F=F_nnEzv49x7WX7zBz
7,22_10_phon,https://neu.co1.qualtrics.com/ControlPanel/File.php?F=F_PwEABSYeJ4J0ycA
8,23_10_phon,https://neu.co1.qualtrics.com/ControlPanel/File.php?F=F_Y4eiJWAflnZAUYU
9,24_10_phon,https://neu.co1.qualtrics.com/ControlPanel/File.php?F=F_fSglNO1fAou1mjH
10,26_10_phon,https://neu.co1.qualtrics.com/ControlPanel/File.php?F=F_FSgKuuBbwIOGkmg
11,1_30_phon,https://neu.co1.qualtrics.com/ControlPanel/File.php?F=F_csystwafPupRvNi
12,2_30_phon,https://neu.co1.qualtrics.com/ControlPanel/File.php?F=F_1uLUeP9Kw7AGfyG
13,3_30_phon,https://neu.co1.qualtrics.com/ControlPanel/File.php?F=F_WnowgyZk0sYuodt
14,4_30_phon,https://neu.co1.qualtrics.com/ControlPanel/File.php?F=F_imRXgxDX3f6kxkP
15,6_30_phon,https://neu.co1.qualtrics.com/ControlPanel/File.php?F=F_3vAYXzaaeAcvQEy
16,8_30_phon,https://neu.co1.qualtrics.com/ControlPanel/File.php?F=F_byuRB07KlOpJQAd
17,22_30_phon,https://neu.co1.qualtrics.com/ControlPanel/File.php?F=F_Hzg9u31D3y5AYkY
18,23_30_phon,https://neu.co1.qualtrics.com/ControlPanel/File.php?F=F_7P4uKS5tQAtVIpD
19,24_30_phon,https://neu.co1.qualtrics.com/ControlPanel/File.php?F=F_0oR6jA9R5tWbv0U
20,26_30_phon,https://neu.co1.qualtrics.com/ControlPanel/File.php?F=F_1javt7M4v4EaAnI
21,1_50_phon,https://neu.co1.qualtrics.com/ControlPanel/File.php?F=F_rzuLoIcgnbTjcIH
22,2_50_phon,https://neu.co1.qualtrics.com/ControlPanel/File.php?F=F_4bAX2N7AekVccZ8
23,3_50_phon,https://neu.co1.qualtrics.com/ControlPanel/File.php?F=F_JvoVWP8akhBohlw
24,4_50_phon,https://neu.co1.qualtrics.com/ControlPanel/File.php?F=F_IPCZ7E0rEb5spaE
25,6_50_phon,https://neu.co1.qualtrics.com/ControlPanel/File.php?F=F_5GVTViK7dDv3i33
26,8_50_phon,https://neu.co1.qualtrics.com/ControlPanel/File.php?F=F_8xl5o354BPOGocA
27,22_50_phon,https://neu.co1.qualtrics.com/ControlPanel/File.php?F=F_bRI37ABh3ixo2yS
28,23_50_phon,https://neu.co1.qualtrics.com/ControlPanel/File.php?F=F_YHwndfWAOW3bDji
29,24_50_phon,https://neu.co1.qualtrics.com/ControlPanel/File.php?F=F_3jYvjGLdhUVnX6f
30,26_50_phon,https://neu.co1.qualtrics.com/ControlPanel/File.php?F=F_OAzeId6tdSXWSdE
31,Herring0_10_phon_2-3-4,https://neu.co1.qualtrics.com/ControlPanel/File.php?F=F_FWt6Ko5FWXbdzQp
32,Herring0_30_phon_2-3-4,https://neu.co1.qualtrics.com/ControlPanel/File.php?F=F_aSK6eZhCAF2t0ll
33,Herring0_50_phon_2-3-4,https://neu.co1.qualtrics.com/ControlPanel/File.php?F=F_xAp9zFSfmRKNPO4
34,Herring1_10_phon_2-3-4,https://neu.co1.qualtrics.com/ControlPanel/File.php?F=F_Ao6fw7WjuVrUM08
35,Herring1_30_phon_2-3-4,https://neu.co1.qualtrics.com/ControlPanel/File.php?F=F_RdUhPkZwgWeY9oA
36,Herring1_50_phon_2-3-4,https://neu.co1.qualtrics.com/ControlPanel/File.php?F=F_DtGdpeApiKjKKd0